index,sequence,value
0,KWKLFKKIEKVGQNIRDGIIKAGPAVAVVGQATQIAK,0.902572855
1,KWKLFKKIEKVAQNIRDGIIKAGPAVAVVGQATQIAK,0.823290691
2,KWKLFKKIEKVCQNIRDGIIKAGPAVAVVGQATQIAK,0.903877432
3,KWKLFKKIEKVDQNIRDGIIKAGPAVAVVGQATQIAK,0.605064999
4,KWKLFKKIEKVEQNIRDGIIKAGPAVAVVGQATQIAK,0.770022078
5,KWKLFKKIEKVFQNIRDGIIKAGPAVAVVGQATQIAK,0.918002512
6,KWKLFKKIEKVKQNIRDGIIKAGPAVAVVGQATQIAK,0.741148625
7,KWKLFKKIEKVLQNIRDGIIKAGPAVAVVGQATQIAK,0.95948017
8,KWKLFKKIEKVMQNIRDGIIKAGPAVAVVGQATQIAK,0.743044385
9,KWKLFKKIEKVPQNIRDGIIKAGPAVAVVGQATQIAK,0.69167189
10,KWKLFKKIEKVQQNIRDGIIKAGPAVAVVGQATQIAK,0.757904782
11,KWKLFKKIEKVRQNIRDGIIKAGPAVAVVGQATQIAK,0.984625005
12,KWKLFKKIEKVSQNIRDGIIKAGPAVAVVGQATQIAK,0.847457104
13,KWKLFKKIEKVTQNIRDGIIKAGPAVAVVGQATQIAK,0.600794942
14,KWKLFKKIEKVVQNIRDGIIKAGPAVAVVGQATQIAK,0.828402168
15,KWKLFKKIEKVWQNIRDGIIKAGPAVAVVGQATQIAK,0.955494495
16,KWKLFKKIEKVYQNIRDGIIKAGPAVAVVGQATQIAK,0.964359508
17,KWKLFKKIEKV,0.820996597
18,KWKLFKKIEKVFQKYKRGHIKAGPAVAVVGQATQIAK,1.003797455
19,KWKLFKKIEKVLQNIRDGIIKAGMAVAVVGQATQIAK,0.931789432
20,KWKLFKKIEKVPQNIRDGIIKAGRAVAVVGQATQIAK,0.746463653
21,KWKLFKKIEKVRQKY,0.986294444
22,KWKLFKKIEKVGQNIRDAIIKAGPAVAVVGQATQIAK,0.677760005
23,KWKLFKKIEKVGQNIRDCIIKAGPAVAVVGQATQIAK,1.22606834
24,KWKLFKKIEKVGQNIRDDIIKAGPAVAVVGQATQIAK,0.784766791
25,KWKLFKKIEKVGQNIRDEIIKAGPAVAVVGQATQIAK,0.886857054
26,KWKLFKKIEKVGQNIRDFIIKAGPAVAVVGQATQIAK,0.795215467
27,KWKLFKKIEKVGQNIRDHIIKAGPAVAVVGQATQIAK,0.901188839
28,KWKLFKKIEKVGQNIRDIIIKAGPAVAVVGQATQIAK,0.920393733
29,KWKLFKKIEKVGQNIRDKIIKAGPAVAVVGQATQIAK,0.818467577
30,KWKLFKKIEKVGQNIRDLIIKAGPAVAVVGQATQIAK,0.820416996
31,KWKLFKKIEKVGQNIRDMIIKAGPAVAVVGQATQIAK,0.866072909
32,KWKLFKKIEKVGQNIRDNIIKAGPAVAVVGQATQIAK,0.837338053
33,KWKLFKKIEKVGQNIRDPIIKAGPAVAVVGQATQIAK,1.248341673
34,KWKLFKKIEKVGQNIRDQIIKAGPAVAVVGQATQIAK,0.880121395
35,KWKLFKKIEKVGQNIRDRIIKAGPAVAVVGQATQIAK,0.80194835
36,KWKLFKKIEKVGQNIRDTIIKAGPAVAVVGQATQIAK,0.989335112
37,KWKLFKKIEKVGQNIRDSIIKAGPAVAVVGQATQIAK,0.886857054
38,KWKLFKKIEKVGQNIRDVIIKAGPAVAVVGQATQIAK,0.871301686
39,KWKLFKKIEKVGQNIRDWIIKAGPAVAVVGQATQIAK,0.878663826
40,KWKLFKKIEKVGQNIRDYIIKAGPAVAVVGQATQIAK,0.901881398
41,KWKLFKKIEKVGQNIRD,0.709778476
42,KWKLFKKIEKVGQNIRDPIIKAAPAVAVVGQATQIAK,1.293301053
43,KWKLFKKIEKVGQKIRDGIIKAGPAVAVVGQATQIAK,0.865569124
44,KWKLFKKIEKVGQNIRDGIIKAGAAVAVVGQATQIAK,0.611521071
45,KWKLFKKIEKVGQNIRDGIIKAGCAVAVVGQATQIAK,0.538885312
46,KWKLFKKIEKVGQNIRDGIIKAGDAVAVVGQATQIAK,0.635806185
47,KWKLFKKIEKVGQNIRDGIIKAGFAVAVVGQATQIAK,0.575318011
48,KWKLFKKIEKVGQNIRDGIIKAGGAVAVVGQATQIAK,0.622021228
49,KWKLFKKIEKVGQNIRDGIIKAGHAVAVVGQATQIAK,0.751435273
50,KWKLFKKIEKVGQNIRDGIIKAGIAVAVVGQATQIAK,0.627584506
51,KWKLFKKIEKVGQNIRDGIIKAGLAVAVVGQATQIAK,0.538885312
52,KWKLFKKIEKVGQNIRDGIIKAGMAVAVVGQATQIAK,0.560395104
53,KWKLFKKIEKVGQNIRDGIIKAGQAVAVVGQATQIAK,0.45159975
54,KWKLFKKIEKVGQNIRDGIIKAGRAVAVVGQATQIAK,0.546614529
55,KWKLFKKIEKVGQNIRDGIIKAGSAVAVVGQATQIAK,0.541928829
56,KWKLFKKIEKVGQNIRDGIIKAGTAVAVVGQATQIAK,0.438547887
57,KWKLFKKIEKVGQNIRDGIIKAGVAVAVVGQATQIAK,0.563292042
58,KWKLFKKIEKVGQNIRDGIIKAGWAVAVVGQATQIAK,0.589437136
59,KWKLFKKIEKVGQNIRDGIIKAGYAVAVVGQATQIAK,0.762726258
60,KWKLFKKIEKVGQNIRDGIIKAG,0.735546616
61,KWKLFKKIEKVGQNIRDGIIKTGEAVAVVGQATQIAK,0.984149978
62,KWKLFKKIEKVGQNIRDGIIKAGPAVAVVAQATQIAK,0.974993274
63,KWKLFKKIEKVGQNIRDGIIKAGPAVAVVCQATQIAK,0.891667628
64,KWKLFKKIEKVGQNIRDGIIKAGPAVAVVDQATQIAK,0.802544662
65,KWKLFKKIEKVGQNIRDGIIKAGPAVAVVFQATQIAK,0.875879799
66,KWKLFKKIEKVGQNIRDGIIKAGPAVAVVHQATQIAK,0.808559719
67,KWKLFKKIEKVGQNIRDGIIKAGPAVAVVIQATQIAK,0.832628045
68,KWKLFKKIEKVGQNIRDGIIKAGPAVAVVKQATQIAK,0.786979685
69,KWKLFKKIEKVGQNIRDGIIKAGPAVAVVLQATQIAK,1.061868198
70,KWKLFKKIEKVGQNIRDGIIKAGPAVAVVMQATQIAK,0.86776531
71,KWKLFKKIEKVGQNIRDGIIKAGPAVAVVNQATQIAK,1.054340598
72,KWKLFKKIEKVGQNIRDGIIKAGPAVAVVQQATQIAK,0.861011528
73,KWKLFKKIEKVGQNIRDGIIKAGPAVAVVPQATQIAK,0.844046148
74,KWKLFKKIEKVGQNIRDGIIKAGPAVAVVRQATQIAK,0.839572078
75,KWKLFKKIEKVGQNIRDGIIKAGPAVAVVSQATQIAK,0.8933136
76,KWKLFKKIEKVGQNIRDGIIKAGPAVAVVTQATQIAK,0.9178802
77,KWKLFKKIEKVGQNIRDGIIKAGPAVAVVVQATQIAK,0.763012359
78,KWKLFKKIEKVGQNIRDGIIKAGPAVAVVYQATQIAK,1.055956055
79,KWKLFKKIEKVGQNIRDGIIKAGPAVAVV,0.963994708
80,KWKLFKKIEKVGQNIRDGIIEAGPAVAVVPQATQIAK,0.928147708
81,KWKLFKKIEKVGQNIRDGIIKAGPAVAVVGQATQIAK,0.902572855
82,KWYLFKKIEKVGQNIRDGIIKAGPAVAVVGQATQIAK,0.773535525
83,KWKLVKKIEKVGQNIRDGIIKAGPAVAVVGQATQIAK,1.042001132
84,KWKLFIKIEKVGQNIRDGIIKAGPAVAVVGQATQIAK,0.77479325
85,KWKLFKKIEKVGKNIRDGIIKAGPAVAVVGQATQIAK,1.002304031
86,KWKLFKKIEKVGQNIRDGFIKAGPAVAVVGQATQIAK,0.939862355
87,KWKLFKKIEKVGQNIRDGISKAGPAVAVVGQATQIAK,1.043529592
88,KWKLFKKIEKVGQNIRDGIIKTGPAVAVVGQATQIAK,0.866910773
89,KWKLFKKIEKVGQNIRDGIIKAGPAVAVVGQAKQIAK,0.967382825
90,KWKLFKKIEKVGQNIRDGIIKAGPAVAVVGQATQIAN,0.85003526
91,IWKLFKKIEKVGQNIRDGIIKSGPAVAVVGQATQIAK,0.956955625
92,KWKQFKKIEKVGQNISDGIIKAGPAVAVVGQATQIAK,0.559654557
93,KWKLSKKIERVGQNIRDGIIKAGPAVAVVGQATQIAK,0.929181212
94,KWKLFIKIEKVGQNIRDGIIKAGPAVAVVGQATRIAK,0.871212584
95,KWKLFKKTEKVGQNIRDGIIKAGPADAVVGQATQIAK,0.993833434
96,KWKLFKKIVKVGQNIRDGIIKAGPAVAVVGQATQIVK,0.936621756
97,KWKLFKKIEKVGQNISDGFIKAGPAVAVVGQATQIAK,0.951539771
98,KWKLFKKIEKVGQNIRDGSINAGPAVAVVGQATQIAK,0.730420256
99,KWKLFKKIEKVGQNIRDGIINAGPAVAVVGKATQIAK,0.892371391
100,KWKLFKKIEKVGQNIRDGIIKAGPAVAVVGQATQVAR,0.992308192
101,KWKLFKKIEKVGQNIRDGFINAGPAVAVVGQATQIAK,0.869446854
102,KWKLFKKIEKVGQNIRGGIIKAGPAVAVVGQTTQFAK,1.251021758
103,KWELFKEIEKVGKNIRDGIIKAGPAVAVVG,0.959221784
104,KWKPFKKIEKVGQNIRDGIIKAGPAVAVVGQATQIAK,0.988654826
105,KWKLFEKIEKVGQNIRDGIIKAGPAVAVVGQATQIAK,0.832471421
106,KWKLFKRIEKVGQNIRDGIIKAGPAVAVVGQATQIAK,0.957625968
107,KWKLFKKIEKVDQNIRDGIIKAGPAVAVVGQATQIAK,0.763890296
108,KWKLFKKIEKVGRNIRDGIIKAGPAVAVVGQATQIAK,0.993767251
109,KWKLFKKIEKVGQNIRDGIIKAGPAVAAVGQATQIAK,1.095599165
110,KWKLFKKIEKVGQNIRDGIIKAGPAVAVAGQATQIAK,1.200711375
111,KWKLFKKIEKVGQNIRDGIIKAGPAVAVVGQATQVAK,0.800244008
112,KWKLFKKIEKVGQNIRDGIIKAGPAVAVVGQATQIAI,0.993042138
113,KWKQVKKIEKVGQNIRDGIIKAGPAVAVVGQATQIAK,0.907477723
114,KWKLLKKIEKVGQNIRDGIIKAGPAVAVVGQATQIAK,0.943583743
115,KWKLFKKMEKVGQNIRDGIIKAGPAVAVVG,0.971411909
116,KWKLFKKIEKVGQNIIDGIIKAGPAVAVVGQETQIAK,0.831941969
117,KWKLFKKIEKVGQNIRDGIIEAGPAVAVVGQATQIAKKHSRPGIK,0.888691055
118,KWKLFKKIEKVGQNIRDGIIKAGPAVAVVGQSTQVAK,0.738172865
119,KWNLFKKIEKVDQNIRDGITKAGPAVAVVGQATQIAK,1.152965522
120,KWKLFKRIEKVGQNIRDDIIKAGPAVAVVGQATQNAK,0.773041639
121,KWKLFKKIEKVGQNIRDGFIKAGPAVAVVGQATQIAK,0.621844391
122,KWKLFKKIGKDGQNIRDGIIKAGPAFAVVGQATQIAK,0.948048899
123,KWKLFKKIEKVGQNIRDGIIKAGPAVVVVGQAARIAK,1.065573357
124,KWKLFKKIEKVGQIIRDGIIKAGPAVVIVGQAT,1.106239824
125,NWKLFKKIEKVGQNIRDGIIKAGPAVAVVGQATQIAK,0.972062137
126,KWKLFKKIEKVGQNIRDGIIKAGPAVVVVGQATQIAK,1.04482669
127,KWKLFKKIEKVGQNIRDGIIKAGPAVAVVGQATQTAK,0.887654498
128,KWKLFKKIKKVGQNIRDGIIKAGPAVAVVGQATQIAR,0.903741318
129,KWKLFKKIENVGQNIRDGIIKAGPAVAVVGQATLIAK,0.883078117
130,KWKLFKKIEKVGQNIRDDIIKAGPAVAVVGQATQIAKLHSRPGGYRRNPLEARHLRVSEEPTRGQASAGIGGTHSRPGIK,0.509448937
131,KWKLFKKI,1.118515613
132,KWKLFKKIEKDGQNIRDGIIKAGPAVAVVGQATQIAK,1.094497339
133,KWKLFKKIEKVGQNIRGGIIKAGPAVAVVGQATQIAK,0.558413646
134,KWKLFKKTEKVGQNIRVGIIKAGPAVAVVGQATQIAK,0.721913873
135,QWKLFKKIVKVGQNIRDGIIKAGPAVAVVGQATQIAK,1.009853197
136,KWNLFKKIENVGQNIRDGIIKAGPAVAVVGQATQIAK,0.981215668
137,KWKLFNKIEKVGQNIRDGIIKAGPAVAVVGQASQIAK,0.934778274
138,KWKLFKEIEKVGQNIREGIIKAGPAVAVVGQATQIAK,0.920099238
139,KWKLFKKIEKVGQNIRDGIIKAGPAVAVVSQTTQIAK,1.042920493
140,KWKLFKKTE,0.870948804
141,KWKLFKKIEKVDQNIRVGFIKAGPAVAVVGQATQIAK,0.939377207
142,KWKLFKKIEKVGPNIRDGIIKAGPADAVVGQATQIAKYHSRPGIK,1.048614166
143,RRELFKKIEKVGQNIRDGIIKAGPAVVVVGQATQIAK,1.030649647
144,KWKLFKKIEKVGLNIRYGIIKASPAVVVVGRATQTAK,1.197842193
145,KRKLFKKIEKVGQNIRDGIIKAGPAVAVVGQATQIAK,0.938195395
146,KWKLFKKIE,1.105895912
147,KWKLFKKIEKVG,0.983453886
148,KWKLFKKIEKVGQNIRDGIIKAGPAVAVVGLATQIAK,0.825918371
149,KGKLFKKIEKVGRNIRGGIIKAGPAVAVVGQATQIAK,0.947676734
150,KRKLFKKIEKVGQNIRDVIIKAGPAVAVVGQATQIAK,0.833374684
151,KWKLFNKIEKVGQNIRDGIIKAGPAVAVVGQATRIAK,0.869124223
152,KWKLFKNFEKVGLNIRDGIIKAGPAVAVVGQATQIAK,0.875879911
153,KWKLFKKIEKVGQNISDGIIKAGPAVAVVGLATQIAK,0.873540097
154,KWKLFKKIEKVGQNIRDGIIKASPAVAVVGQASQIAK,0.956237007
155,KWKLFKKIEKVGQNIRDGIIKAAQAVAVVGQATQIAK,1.03080372
156,KWKLFKKIEKVGQNIRDGIIKAGPAVAVAGQATLIAK,0.891333297
157,KWKLFKKIEKVGQNIRDGIIKAGPAVAVVGHAIQIAK,1.1727003
158,KWELFKKIEKVGLNIRDGIIEAGPAVAVVGQATQIAK,0.881092376
159,KWKRLKRIEKVGQNIRDGIIKAGPAVAVVGQATQIAK,0.923565772
160,KWKLYKKIEKVDQNIRDDIIKAGPAVAVVGQATQIAK,1.085347268
161,KWKLFIKIEKVGQNIGDGIIKAGPAGAVVGQATQIAK,0.870895964
162,KWKLFKKIEEVGKNIRDGIVKAGPAVAVVGQATQIAK,1.012479784
163,KWKLFKKIEKVGLNIRDGVIKAGPAVAVVGQATPIAK,1.255112895
164,KWKLFKKIEKVGQNIRDGIIKAGPADAVVGQATQNAE,0.885388812
165,KWKPFKKIEKVSLNIRDGIIIAGPAVAVIGQATQIAK,1.248985677
166,KWKQFKKIERVGQSIRDGIIKAGPAVAVVGHVTQIAK,0.790518995
167,KWKLFKKIEKVGQNIRDGIIKAGPAAAVAGQASQIAE,0.770568147
168,KWKMFKKIEKVGQNIRDGIIKAGPAVAVVGQATQIAK,0.914739077
169,KWKLSKKIEKVGQNIRDGIIKAGPAVAVVGQATQIAK,0.935468913
170,KWKLFKNIEKVGQNIRDGIIKAGPAVAVVGQATQIAK,0.803584298
171,KWKLFKKIGKVGQNIRDGIIKAGPAVAVVGQATQIAK,0.879673988
172,KWKLFKKIEEVGQNIRDGIIKAGPAVAVVGQATQIAK,0.957662798
173,KWKLFKKIEKVGQSIRDGIIKAGPAVAVVGQATQIAK,0.836847727
174,KWKLFKKIEKVGQNIRYGIIKAGPAVAVVGQATQIAK,0.891759986
175,KWKLFKKIEKVGQNIRDGIIKAGPAVAVVGQATQIAR,0.887358315
176,KWNLFKKIEKVGQNIRDGIIKAGPAVAVVGQATQFAK,0.614628852
177,NWKLLKKIEKVGHNIRDGIIKAGPAVAVVGQATQIAK,0.947401672
178,KWILFKKIEKVGQNIRDGINNAGPAVAVVGQATQIAK,0.959227824
179,KWKLFKKIERAGQNIRDGILKRARQLQL,0.863487892
180,KWKLFKKIEKVGQNIRDDIIKAGPAIAVGGQATQIAK,0.795761399
181,KWELFKKIEKDGQNIRDGINKAGPAVAVGGQATQIAK,0.649143254
182,KWKLFKEIEKDSQKIRDGIIKAGPAVAVVGQATLIAK,0.91979099
